Date,Open,High,Low,Close,Adj Close,Volume
2012-05-23,490,492.899994,482.200012,487.200012,487.200012,3173972
2012-05-24,493,502.700012,485,499.700012,499.700012,2884811
2012-05-25,499.799988,503.149994,495.600006,500,500,2798643
2012-05-28,501.200012,510.600006,500,508.75,508.75,3051713
2012-05-29,510.149994,511.950012,502.100006,504.950012,504.950012,2643256
2012-05-30,500.049988,505.399994,496.549988,500.649994,500.649994,2541820
2012-05-31,496,508.899994,495.350006,506.200012,506.200012,4759780
2012-06-01,504,507.149994,490,490.399994,490.399994,2927187
2012-06-04,488,498.5,485.049988,495.649994,495.649994,2840242
2012-06-05,500,504.899994,498.450012,501.5,501.5,2677678
2012-06-06,504.850006,523,503.5,519.900024,519.900024,6272923
2012-06-07,524.200012,539.5,523,537.799988,537.799988,4950123
2012-06-08,540.900024,542.75,530.950012,539.099976,539.099976,4830686
2012-06-11,541.099976,548.900024,538.400024,541.950012,541.950012,3267971
2012-06-12,538.799988,550.849976,537.950012,549.599976,549.599976,2813460
2012-06-13,551,552.400024,539.799988,541.75,541.75,2016183
2012-06-14,540,547.400024,532.650024,534.400024,534.400024,2160638
2012-06-15,535,549.700012,534.950012,547.549988,547.549988,2483056
2012-06-18,552,552,529.549988,534.950012,534.950012,2809366
2012-06-19,534.799988,539,526.299988,536.450012,536.450012,2965184
2012-06-20,537,540.5,528.549988,534.200012,534.200012,2383618
2012-06-21,533,544.700012,531.299988,542.900024,542.900024,2663164
2012-06-22,535.099976,545.099976,535.099976,544.349976,544.349976,1542204
2012-06-25,545.400024,548.5,535,536.700012,536.700012,1593712
2012-06-26,538,548,536.299988,543.450012,543.450012,1463282
2012-06-27,546,554.700012,546,549,549,2984322
2012-06-28,546.900024,552.650024,543.25,548.5,548.5,3035610
2012-06-29,552.099976,564.900024,552.049988,563.549988,563.549988,3164793
2012-07-02,564,575,560,573.950012,573.950012,2050381
2012-07-03,575.900024,580,571.700012,575.849976,575.849976,2116700
2012-07-04,576.700012,580.849976,575.650024,578,578,3202571
2012-07-05,577.900024,585,575.450012,584.099976,584.099976,2095382
2012-07-06,582.099976,589,578.5,581.5,581.5,3935380
2012-07-09,579.950012,581.75,569.099976,578.150024,578.150024,1915290
2012-07-10,580,592.299988,577.5,588.650024,588.650024,3385754
2012-07-11,586.900024,593.799988,585.099976,587,587,3074861
2012-07-12,583.900024,590.900024,575.599976,580.099976,580.099976,1895937
2012-07-13,585,591.400024,582.450012,587.049988,587.049988,2377143
2012-07-16,588,592.700012,581.049988,582.650024,582.650024,3212540
2012-07-17,587,588.75,578.599976,583.25,583.25,2134839
2012-07-18,584.700012,588.700012,580.099976,587,587,1779499
2012-07-19,588.599976,590.799988,585.549988,589.400024,589.400024,1200112
2012-07-20,589,589,581,582.599976,582.599976,1042236
2012-07-23,577.400024,580,571.049988,573,573,1523632
2012-07-24,572.549988,577.450012,570.200012,574.049988,574.049988,1326397
2012-07-25,574.450012,580.799988,573.700012,576.049988,576.049988,2203926
2012-07-26,578,578.75,563,565.799988,565.799988,4426354
2012-07-27,572,588.700012,564.650024,584.599976,584.599976,3357718
2012-07-30,587.099976,591.900024,584,587.25,587.25,2116571
2012-07-31,590,590,579.849976,587.75,587.75,2097852
2012-08-01,585.549988,588.349976,577.599976,586.5,586.5,1967747
2012-08-02,586.5,589.200012,577.299988,582.5,582.5,1721365
2012-08-03,581,589,579.75,588.200012,588.200012,2487875
2012-08-06,593.150024,602,593,600.25,600.25,3082294
2012-08-07,602,602.299988,597,600.099976,600.099976,2807191
2012-08-08,600,602,594.700012,598.900024,598.900024,2013279
2012-08-09,601,607,598.5,604.650024,604.650024,2468280
2012-08-10,600,606.900024,599.650024,602.150024,602.150024,3781855
2012-08-13,600,609.5,600,607.450012,607.450012,2105426
2012-08-14,607.049988,609,603.25,608.150024,608.150024,2806392
2012-08-16,608.150024,608.150024,597.849976,600.049988,600.049988,2035824
2012-08-17,598.599976,602.25,591.799988,595.099976,595.099976,1921539
2012-08-21,595.099976,598.5,588.200012,596.400024,596.400024,2085210
2012-08-22,594.400024,600.450012,591.349976,596.900024,596.900024,2395215
2012-08-23,599.400024,604.549988,595.25,597.700012,597.700012,2356262
2012-08-24,593.5,600.400024,593.25,596.299988,596.299988,1677094
2012-08-27,595,598.900024,592.049988,594.349976,594.349976,1011681
2012-08-28,592.900024,594.549988,586.5,589.349976,589.349976,2223991
2012-08-29,589.25,595.799988,586.25,588.549988,588.549988,1682407
2012-08-30,586,602,586,595.900024,595.900024,5679101
2012-08-31,590.349976,600,589.25,595.349976,595.349976,3126685
2012-09-03,597.549988,597.799988,588,590.450012,590.450012,1859454
2012-09-04,590.549988,592.349976,587.200012,590.099976,590.099976,1443147
2012-09-05,588,596,587.349976,592.099976,592.099976,3039618
2012-09-06,590.099976,593.5,586.099976,588.150024,588.150024,1274363
2012-09-07,594.25,595,585.700012,590.400024,590.400024,2801287
2012-09-08,null,null,null,null,null,null
2012-09-10,591.5,597,589.349976,591.150024,591.150024,1508723
2012-09-11,588.75,597,583.349976,594.400024,594.400024,1577886
2012-09-12,595.25,600,593.900024,599.200012,599.200012,1597754
2012-09-13,601,601.5,593.549988,599.200012,599.200012,849940
2012-09-14,606.599976,614.75,600.950012,612.75,612.75,6442805
2012-09-17,619,619.950012,605.5,608.299988,608.299988,5271712
2012-09-18,608.299988,612,603.849976,605.450012,605.450012,2509794
2012-09-20,605.450012,610,601,606.900024,606.900024,2622832
2012-09-21,608.700012,629,605.099976,625.150024,625.150024,5900712
2012-09-24,625.5,636.900024,622.799988,635,635,4393720
2012-09-25,633,638.900024,626.150024,636.900024,636.900024,2921536
2012-09-26,634.849976,636.599976,624.150024,630.75,630.75,2682627
2012-09-27,633,637,625.200012,630.799988,630.799988,3965436
2012-09-28,631.900024,634.299988,626.099976,629.150024,629.150024,2751922
2012-10-01,629,632,620,622.849976,622.849976,2013696
2012-10-03,622.849976,626.799988,617.950012,619.450012,619.450012,2758057
2012-10-04,621.5,633.900024,621.450012,631.299988,631.299988,3163016
2012-10-05,638,638.650024,505.049988,622.400024,622.400024,3736756
2012-10-08,623.900024,623.900024,616.549988,620.700012,620.700012,2322668
2012-10-09,624.950012,630.5,622,625.75,625.75,1077692
2012-10-10,624,624,616.200012,617.950012,617.950012,1073754
2012-10-11,621.150024,627.799988,618.450012,624.849976,624.849976,2453233
2012-10-12,630,635,626,631.150024,631.150024,3876602
2012-10-15,632.400024,634.900024,622.599976,634.150024,634.150024,1893017
2012-10-16,635.25,635.5,628.099976,630.400024,630.400024,1818459
2012-10-17,632,632.5,626.5,628.099976,628.099976,1608443
2012-10-18,630,637.900024,624.450012,636.200012,636.200012,1404615
2012-10-19,632,635,627,628.5,628.5,2263850
2012-10-22,625.200012,640,625.200012,639,639,2060351
2012-10-23,639.049988,639.5,632.5,634.099976,634.099976,2083240
2012-10-25,634.099976,641,629,637.349976,637.349976,4252835
2012-10-29,637.349976,642.5,635.549988,640.599976,640.599976,1378082
2012-10-30,637.049988,644.799988,630.599976,633.650024,633.650024,2208726
2012-10-31,634.099976,635.900024,630.049988,634.200012,634.200012,1873242
2012-11-01,632.75,635.700012,627.5,628.599976,628.599976,1764615
2012-11-02,638,638,628,630.299988,630.299988,1358193
2012-11-05,632,636,630.75,635,635,1005532
2012-11-06,633.950012,641.200012,633.950012,639.549988,639.549988,1819521
2012-11-07,639.75,645,636.900024,640.049988,640.049988,2050165
2012-11-08,636.5,641,635.5,639,639,966950
2012-11-09,638.25,643,635,639.349976,639.349976,1105194
2012-11-11,null,null,null,null,null,null
2012-11-12,637.25,653.799988,637.25,651.299988,651.299988,2414364
2012-11-15,651.299988,651.299988,639,646.25,646.25,2360585
2012-11-16,643,648.599976,640.150024,642.25,642.25,3025706
2012-11-19,639.75,647.900024,639.450012,646.75,646.75,1446987
2012-11-20,649.099976,655.900024,648.25,653.849976,653.849976,2338347
2012-11-21,655.150024,665.5,649.700012,663.700012,663.700012,3232446
2012-11-22,666.799988,671.150024,664,669.099976,669.099976,2110241
2012-11-23,669.5,672.599976,659.049988,669.75,669.75,1312428
2012-11-26,673,673.700012,660.099976,661.900024,661.900024,1370384
2012-11-27,664.900024,683.799988,664.900024,680.5,680.5,4125668
2012-11-29,680.5,703.75,675.400024,699.849976,699.849976,6299863
2012-11-30,701,705.5,689.599976,703.950012,703.950012,3909823
2012-12-03,700,701.150024,684,686.950012,686.950012,2909085
2012-12-04,684.099976,690,681.049988,685.150024,685.150024,2169872
2012-12-05,689,695,687,692.599976,692.599976,2304965
2012-12-06,695.799988,698.5,680.799988,694.75,694.75,2726138
2012-12-07,695.25,698,688,693.099976,693.099976,1984158
2012-12-10,690,696.5,689.650024,693,693,2081026
2012-12-11,695.25,699,686.299988,690.849976,690.849976,3375138
2012-12-12,691.25,696,688.5,693.849976,693.849976,1934126
2012-12-13,693.849976,696,689,691.049988,691.049988,1570808
2012-12-14,690.049988,694.400024,685.349976,688.75,688.75,2093473
2012-12-17,687.900024,687.900024,673.599976,676.5,676.5,3057553
2012-12-18,677.950012,682.200012,669.75,675.950012,675.950012,3343768
2012-12-19,674.549988,689.25,674.5,688,688,4122253
2012-12-20,686,687,680.25,683.400024,683.400024,2565187
2012-12-21,681,682,674.049988,676,676,2771561
2012-12-24,680,680.150024,671.799988,676.099976,676.099976,1370563
2012-12-26,676.099976,684.849976,673.099976,680.299988,680.299988,1430804
2012-12-27,684,684,676.700012,680.099976,680.099976,2464542
2012-12-28,681.099976,683,674.150024,677.650024,677.650024,1756066
2012-12-31,677,680,674,678.599976,678.599976,1276822
2013-01-01,682.099976,685.099976,679.650024,684.5,684.5,1007303
2013-01-02,689.900024,690,683.049988,687.349976,687.349976,2427399
2013-01-03,690,690,680.400024,683.349976,683.349976,2285683
2013-01-04,685,685,672.799988,679.349976,679.349976,2721127
2013-01-07,683.700012,683.700012,666,668.200012,668.200012,2751142
2013-01-08,668,673.400024,665.700012,670.25,670.25,2471299
2013-01-09,672,672.549988,666.049988,667.5,667.5,3217991
2013-01-10,669.5,678,666.5,675.799988,675.799988,2282592
2013-01-11,676.900024,676.900024,666.700012,669.299988,669.299988,2570857
2013-01-14,668.150024,670.5,667.099976,669.299988,669.299988,2847437
2013-01-15,670.799988,675.450012,665,668.299988,668.299988,2065844
2013-01-16,665.549988,669.200012,657.599976,660.5,660.5,2287689
2013-01-17,657.700012,670.849976,654.049988,666.799988,666.799988,3211036
2013-01-18,670,674,655.299988,662.849976,662.849976,5056173
2013-01-21,660,663.400024,654.75,658.549988,658.549988,2713680
2013-01-22,658.5,661,647.549988,653.75,653.75,2121532
2013-01-23,657,663,654.349976,656.599976,656.599976,1769935
2013-01-24,655.599976,662.75,655.25,660.299988,660.299988,1536990
2013-01-25,660.299988,667,655.549988,665.049988,665.049988,1397433
2013-01-28,665.25,672,664.450012,670.349976,670.349976,1842005
2013-01-29,670.75,670.900024,650,652.450012,652.450012,2990437
2013-01-30,653,658.400024,644,656.650024,656.650024,2509908
2013-01-31,656.599976,657.900024,640.099976,643.049988,643.049988,3472096
2013-02-01,644.799988,644.849976,636.200012,640.150024,640.150024,2621036
2013-02-04,641.150024,649.5,640,646.900024,646.900024,2618950
2013-02-05,636.349976,647.200012,636.349976,644.150024,644.150024,1865005
2013-02-06,646.599976,646.900024,637.200012,639.5,639.5,2468397
2013-02-07,636.299988,643,634.549988,641.5,641.5,2270709
2013-02-08,640.5,653.400024,640.5,650.049988,650.049988,4706664
2013-02-11,650,659.950012,650,656.950012,656.950012,3791765
2013-02-12,655.650024,667,655.650024,665.200012,665.200012,3958209
2013-02-13,663.299988,667.400024,659.5,664.200012,664.200012,3627208
2013-02-14,664,678.400024,662,674.799988,674.799988,4421038
2013-02-15,671.700012,680.799988,668.200012,676.75,676.75,3122195
2013-02-18,678,680.900024,674,676,676,2367291
2013-02-19,674.5,677.400024,671.549988,674.799988,674.799988,593703
2013-02-20,677.5,680.799988,674.900024,676.950012,676.950012,1715421
2013-02-21,675,677.450012,664.049988,666.25,666.25,2717968
2013-02-22,662.200012,666.400024,657.549988,659.299988,659.299988,1927096
2013-02-25,663.25,665.200012,654.099976,656.450012,656.450012,1888236
2013-02-26,654.799988,663,645.400024,651.25,651.25,2935660
2013-02-27,652.299988,654,640.900024,642.75,642.75,3217834
2013-02-28,646.950012,654.950012,619.349976,625.349976,625.349976,6971751
2013-03-01,625,629.599976,616.299988,622.5,622.5,4305182
2013-03-04,620.349976,630.299988,618,627.650024,627.650024,2992450
2013-03-05,630.900024,634.700012,623.150024,632.950012,632.950012,2639395
2013-03-06,634.950012,637.150024,629,630.5,630.5,2733329
2013-03-07,628.349976,642.950012,627.150024,641.799988,641.799988,1487746
2013-03-08,644.200012,660,643.400024,657.299988,657.299988,2649215
2013-03-11,657.299988,659.700012,650.25,655.25,655.25,2126146
2013-03-12,653,655.700012,640.099976,644,644,1723931
2013-03-13,641.049988,645.900024,632.200012,634.900024,634.900024,1978343
2013-03-14,634.900024,653.5,615.349976,649.25,649.25,7978609
2013-03-15,645,649.900024,633.799988,639.400024,639.400024,3859902
2013-03-18,633,654,630,643.299988,643.299988,4390481
2013-03-19,643,643.799988,624,631.549988,631.549988,5007115
2013-03-20,632,633.450012,621,625.5,625.5,2834109
2013-03-21,622.650024,628.799988,603.75,607,607,3613147
2013-03-22,609,614.599976,602.599976,605.25,605.25,7381475
2013-03-25,611,613.349976,607.549988,609.400024,609.400024,6799744
2013-03-26,606,617.5,602.549988,614.5,614.5,3318601
2013-03-28,614.5,631.150024,606.950012,625.349976,625.349976,4874023
2013-04-01,625.349976,629,621,623.849976,623.849976,1677193
2013-04-02,625,634.299988,617.900024,629.900024,629.900024,1714355
2013-04-03,628,631.650024,619.5,623.650024,623.650024,1675904
2013-04-04,618.799988,623.400024,613.450012,616.150024,616.150024,2045496
2013-04-05,614.950012,626.400024,613.400024,620.950012,620.950012,3239980
2013-04-08,618.950012,628.950012,617.75,624.450012,624.450012,2163032
2013-04-09,628.099976,628.099976,617.400024,620.599976,620.599976,3690102
2013-04-10,626.799988,633.650024,618.950012,632,632,3786126
2013-04-11,632.5,642,631.900024,639.25,639.25,6266517
2013-04-12,636.099976,645.849976,636.099976,643.700012,643.700012,3801520
2013-04-15,642.099976,643.450012,635,641.549988,641.549988,3980942
2013-04-16,643,665.849976,642.349976,663.349976,663.349976,3435078
2013-04-17,665,671.849976,656.799988,660.099976,660.099976,3739237
2013-04-18,654,675.400024,654,673.599976,673.599976,2305946
2013-04-22,673.599976,702,673.599976,698.299988,698.299988,4965038
2013-04-23,698.799988,700,678.799988,689,689,5965890
2013-04-25,689,695,680.049988,689.549988,689.549988,6473781
2013-04-26,687.650024,692.25,683,689.099976,689.099976,2142186
2013-04-29,688.25,696.849976,686.5,695.150024,695.150024,2918858
2013-04-30,694,695.950012,676.799988,682.299988,682.299988,3138068
2013-05-02,682.299988,694,682.299988,692.5,692.5,3075817
2013-05-03,692.599976,694,678.650024,680.950012,680.950012,3071646
2013-05-06,679,679.299988,669.950012,675.5,675.5,1918365
2013-05-07,676.299988,689.900024,672.5,688.049988,688.049988,2774616
2013-05-08,689,699.5,686.5,697.150024,697.150024,2163489
2013-05-09,699.049988,699.5,688.200012,690.049988,690.049988,1130840
2013-05-10,688.700012,704.900024,688.650024,703.349976,703.349976,3478314
2013-05-13,705,711.450012,690.799988,692.75,692.75,2398493
2013-05-14,690.049988,694.900024,685.099976,689.049988,689.049988,1663419
2013-05-15,693.5,716,691.349976,714.849976,714.849976,3543370
2013-05-16,712,724,711,722.799988,722.799988,2915154
2013-05-17,722.5,722.5,709.200012,718.900024,718.900024,3204963
2013-05-20,719.5,724,712.150024,714.5,714.5,1460402
2013-05-21,714,718,705.049988,707.799988,707.799988,2301625
2013-05-22,707.5,712,698,703.450012,703.450012,1353028
2013-05-23,699,706.450012,694.299988,698.599976,698.599976,1976312
2013-05-24,705.75,705.75,694.299988,701.349976,701.349976,2066060
2013-05-27,698.599976,717,698.599976,715.049988,715.049988,2248802
2013-05-28,714.25,720.799988,706.799988,713.299988,713.299988,1676979
2013-05-29,710.049988,718.450012,703.849976,715.950012,715.950012,1233373
2013-05-30,710.099976,727.299988,710.099976,725.150024,725.150024,3839364
2013-05-31,717.25,720.700012,697.700012,700.5,700.5,3083224
2013-06-03,698,701.400024,686.549988,689.150024,689.150024,1972531
2013-06-04,687.299988,693.799988,681,683.049988,683.049988,1404081
2013-06-05,682,694.400024,678.5,687.950012,687.950012,1890919
2013-06-06,683.5,689.400024,678,682.200012,682.200012,1779103
2013-06-07,681.75,693.400024,673.200012,676.150024,676.150024,2389056
2013-06-10,681.049988,687,671.5,676.349976,676.349976,1592003
2013-06-11,673.450012,680.900024,662.200012,664.900024,664.900024,2955215
2013-06-12,662,673.400024,658.450012,663.950012,663.950012,2453913
2013-06-13,657.599976,661,653.349976,655.099976,655.099976,1787434
2013-06-14,662,668.450012,659.299988,665.049988,665.049988,3741303
2013-06-17,665.599976,669.200012,657.349976,667.349976,667.349976,3267727
2013-06-18,668,668,655,657.450012,657.450012,3111642
2013-06-19,656.099976,666.599976,652.849976,665.200012,665.200012,2411739
2013-06-20,658.849976,658.849976,634.599976,636.599976,636.599976,3784511
2013-06-21,636.799988,642.549988,630.099976,635.25,635.25,4474961
2013-06-24,631.799988,633.849976,623.75,625.349976,625.349976,2692013
2013-06-25,626,646.400024,622.400024,634,634,4671608
2013-06-26,631.5,637.650024,620,622.849976,622.849976,2619005
2013-06-27,634,652.700012,622.349976,646.5,646.5,6750890
2013-06-28,649.5,673.200012,649.099976,669.5,669.5,5270670
2013-07-01,669,674,664.650024,668.75,668.75,2459671
2013-07-02,668.700012,668.75,654.299988,656.549988,656.549988,2295788
2013-07-03,654,654.700012,643.599976,650.650024,650.650024,3346565
2013-07-04,653.799988,657.450012,645.700012,655.150024,655.150024,2397765
2013-07-05,660.099976,672.75,658.5,667.75,667.75,2385874
2013-07-08,664,667.450012,652.75,660.450012,660.450012,1792324
2013-07-09,662.200012,673.75,662.200012,670.299988,670.299988,1760048
2013-07-10,670.25,671.900024,656.150024,659.299988,659.299988,1784645
2013-07-11,667,686.700012,666.049988,683.25,683.25,2649892
2013-07-12,687,697.700012,681.799988,695.75,695.75,3908713
2013-07-15,691,698.049988,684,695.450012,695.450012,2127972
2013-07-16,679,684.5,669.950012,678.700012,678.700012,2911846
2013-07-17,677.799988,680.799988,647.900024,662.900024,662.900024,5658497
2013-07-18,669.900024,688.5,656.950012,684.099976,684.099976,3415970
2013-07-19,688.049988,691.950012,673.150024,680,680,3114605
2013-07-22,676,687,676,682.049988,682.049988,1615108
2013-07-23,687.900024,690,681.049988,683.599976,683.599976,1853696
2013-07-24,674,676,653.5,659.950012,659.950012,3657187
2013-07-25,660.650024,666,650.150024,653.849976,653.849976,4066814
2013-07-26,656,656.25,638,644.099976,644.099976,2339123
2013-07-29,643,643,629.650024,632.5,632.5,3730556
2013-07-30,630.75,635,620.099976,625.349976,625.349976,3672771
2013-07-31,621,621.799988,606.900024,609.75,609.75,6706130
2013-08-01,613.900024,637.799988,612.400024,632.200012,632.200012,5861652
2013-08-02,630,634.799988,626.849976,631.25,631.25,5003962
2013-08-05,631.549988,635.450012,615,632.700012,632.700012,3399593
2013-08-06,631,631.349976,606.5,608.650024,608.650024,4911295
2013-08-07,609.950012,614.349976,600,601.200012,601.200012,5689114
2013-08-08,604,617.5,600,610.5,610.5,5115362
2013-08-12,610.5,610.799988,598.650024,602.200012,602.200012,3925217
2013-08-13,603.849976,624.799988,598.150024,620.5,620.5,3675598
2013-08-14,622,623.650024,608.650024,621.349976,621.349976,3575927
2013-08-16,621.349976,622,584.900024,587.900024,587.900024,7014892
2013-08-19,587,588.599976,570.299988,584.700012,584.700012,5004610
2013-08-20,574.950012,589.900024,566.5,584.75,584.75,6431746
2013-08-21,606,619.349976,590,593.349976,593.349976,7227149
2013-08-22,589,603.700012,570,588.700012,588.700012,7562673
2013-08-23,592,609.150024,588.299988,607.549988,607.549988,5174611
2013-08-26,612.349976,622.799988,602.549988,611.299988,611.299988,3651902
2013-08-27,597.299988,600,555.450012,561.900024,561.900024,13677093
2013-08-28,555.700012,572,528,561.950012,561.950012,9266888
2013-08-29,568,582.5,568,572.049988,572.049988,10192751
2013-08-30,571,600,570.650024,594,594,9154229
2013-09-02,598,604.349976,582.5,589.5,589.5,4878929
2013-09-03,596.900024,596.900024,557.049988,562.549988,562.549988,4535002
2013-09-04,567.450012,576.849976,559.150024,564.049988,564.049988,5235450
2013-09-05,584,622.900024,584,609.5,609.5,8311562
2013-09-06,611,620,586.75,616.200012,616.200012,4749304
2013-09-10,616.200012,641,616.200012,638,638,5074709
2013-09-11,633,650,625.549988,647.25,647.25,3172598
2013-09-12,642.5,646,627.599976,633.950012,633.950012,4419134
2013-09-13,632.450012,634.5,621,629.200012,629.200012,3875780
2013-09-16,637.5,648.900024,629,642.799988,642.799988,3034804
2013-09-17,638,645,633.599976,642.25,642.25,2108022
2013-09-18,643.599976,654.900024,631.150024,650.5,650.5,2747404
2013-09-19,680,689.900024,676.299988,683.200012,683.200012,7320226
2013-09-20,682.5,686.450012,635.25,659.049988,659.049988,6181538
2013-09-23,651,652.349976,633.099976,641.950012,641.950012,3496310
2013-09-24,633.049988,644.349976,629.950012,638.450012,638.450012,4543797
2013-09-25,638,641.700012,613.200012,620.599976,620.599976,5245230
2013-09-26,621.349976,626,618,621.150024,621.150024,5645610
2013-09-27,622,624,605,608.900024,608.900024,4102173
2013-09-30,606,612.849976,587.700012,593.049988,593.049988,4265607
2013-10-01,598.799988,614.400024,589.349976,611.650024,611.650024,3249277
2013-10-03,611.650024,639,610,636.200012,636.200012,2443228
2013-10-04,635.5,647.400024,635,640.450012,640.450012,3407094
2013-10-07,636.5,638.150024,618.25,634.299988,634.299988,2480500
2013-10-08,650.5,654.549988,625.799988,632.650024,632.650024,2942037
2013-10-09,625.200012,650.900024,623,649.150024,649.150024,2167190
2013-10-10,649,649,633.349976,641.049988,641.049988,2086321
2013-10-11,647.299988,663.75,639.349976,661.299988,661.299988,3347566
2013-10-14,657.549988,669.299988,648.650024,667.5,667.5,3093930
2013-10-15,673,675,646.599976,652.450012,652.450012,4035831
2013-10-17,652.450012,659.950012,642.549988,654.200012,654.200012,3637897
2013-10-18,655.25,679.549988,655.25,676.599976,676.599976,5320296
2013-10-21,674,678.799988,662.549988,671.25,671.25,2806356
2013-10-22,671,673.950012,665.200012,669,669,2189524
2013-10-23,669,669,653.799988,660.200012,660.200012,3386239
2013-10-24,656.200012,675.75,656.200012,669.299988,669.299988,3080482
2013-10-25,665.25,674.950012,663.150024,672.549988,672.549988,2236718
2013-10-28,673,675,665.400024,667.900024,667.900024,2095522
2013-10-29,668,689,655.549988,686.5,686.5,3805729
2013-10-30,686,687.5,675.75,679.349976,679.349976,2547168
2013-10-31,676.200012,685.049988,673.400024,680.799988,680.799988,4548889
2013-11-01,681.599976,688,678.200012,683.799988,683.799988,3910611
2013-11-05,683.799988,685,673,676.25,676.25,3564618
2013-11-06,678.900024,679.200012,665.25,668.900024,668.900024,1152663
2013-11-07,670,677.5,656.900024,665.400024,665.400024,1947285
2013-11-08,663.400024,667.650024,644.650024,652.5,652.5,3370190
2013-11-11,644,660.700012,616.700012,654.25,654.25,2804076
2013-11-12,652.549988,663.049988,643.349976,645.950012,645.950012,2245080
2013-11-13,639,647.450012,628.349976,633.700012,633.700012,2640271
2013-11-14,638,649.900024,638,642.200012,642.200012,3156715
2013-11-18,642.200012,670,642.200012,668.799988,668.799988,3718480
2013-11-19,668.400024,668.400024,657.450012,660.049988,660.049988,1697259
2013-11-20,656.700012,659,646.400024,649.549988,649.549988,2092524
2013-11-21,644.549988,645.599976,635.150024,637.650024,637.650024,3196914
2013-11-22,642.5,646.900024,635.099976,642.150024,642.150024,1873096
2013-11-25,648.049988,661.75,648.049988,659.75,659.75,4037635
2013-11-26,657.700012,659.900024,648.400024,652.950012,652.950012,3619629
2013-11-27,651.099976,658.75,644.099976,653.549988,653.549988,2148253
2013-11-28,655.599976,663,648.049988,653.400024,653.400024,3693433
2013-11-29,655,668.900024,655,661.299988,661.299988,2392770
2013-12-02,662,665,658.049988,661.299988,661.299988,1714653
2013-12-03,660,662.200012,652.650024,655.75,655.75,2572070
2013-12-04,654.900024,659.549988,653.450012,657.599976,657.599976,2619152
2013-12-05,671.549988,689.900024,671.549988,688.099976,688.099976,8004998
2013-12-06,684.900024,689.599976,678.25,682.700012,682.700012,4017308
2013-12-09,710,717.400024,692.549988,696.650024,696.650024,6316407
2013-12-10,692.349976,701.849976,690,696.700012,696.700012,6266220
2013-12-11,690.099976,701.799988,686.900024,695.549988,695.549988,3072444
2013-12-12,693.200012,700.549988,690.5,695.200012,695.200012,3216924
2013-12-13,687.799988,702,685,689.950012,689.950012,6329020
2013-12-16,688,690.900024,681.200012,684.349976,684.349976,5358061
2013-12-17,675.650024,675.650024,654.049988,657.599976,657.599976,4485661
2013-12-18,650.5,680.650024,649.549988,666.25,666.25,3521829
2013-12-19,679,683.950012,650.400024,652.549988,652.549988,2504879
2013-12-20,657.799988,668.599976,650.099976,664.599976,664.599976,1430617
2013-12-23,658,671.5,657,664.450012,664.450012,1382808
2013-12-24,665.549988,666.5,655.049988,657.299988,657.299988,888674
2013-12-26,657.299988,672.200012,656.900024,669.049988,669.049988,2011690
2013-12-27,664.099976,675.450012,664.099976,669.650024,669.650024,1366003
2013-12-30,676.799988,677,665.150024,669.5,669.5,1056901
2013-12-31,672.099976,672.299988,660.099976,665.849976,665.849976,1315328
2014-01-01,668,669.799988,663,665.150024,665.150024,1123109
2014-01-02,665,674.75,653.549988,657,657,1807248
2014-01-03,652,666,650,663.099976,663.099976,1628296
2014-01-06,663,663,657,661.700012,661.700012,1490855
2014-01-07,667.099976,670.950012,653.299988,664.400024,664.400024,1974230
2014-01-08,665.200012,666.950012,660,664.700012,664.700012,1162370
2014-01-09,663.200012,666.049988,657.099976,662.950012,662.950012,944368
2014-01-10,662.950012,674.700012,656.299988,662.049988,662.049988,1537627
2014-01-13,660.099976,676.950012,656.900024,672.849976,672.849976,1188145
2014-01-14,669.049988,676,668.299988,672.299988,672.299988,894280
2014-01-15,673,682.700012,669.599976,680.549988,680.549988,1156960
2014-01-16,684.400024,685,670.349976,673.049988,673.049988,1125294
2014-01-17,675,675,659.049988,665,665,10843714
2014-01-20,668.099976,676.700012,666.400024,670.049988,670.049988,1400092
2014-01-21,672.950012,678.799988,670,676.099976,676.099976,1562981
2014-01-22,675.5,684.700012,674.650024,677.099976,677.099976,1758334
2014-01-23,675,681.099976,672.75,679.5,679.5,1370685
2014-01-24,670,674.950012,663.700012,673.400024,673.400024,2210725
2014-01-27,664.900024,664.900024,645.599976,649.200012,649.200012,4265112
2014-01-28,648,656,638.599976,644.450012,644.450012,4598856
2014-01-29,647.5,650.900024,640.549988,645.450012,645.450012,2742731
2014-01-30,637.5,639.900024,627.650024,631.799988,631.799988,2856365
2014-01-31,630,636.299988,625.099976,628.5,628.5,2405246
2014-02-03,629.950012,634,625.099976,626.5,626.5,1194205
2014-02-04,621.650024,635.5,616.799988,630.599976,630.599976,1852326
2014-02-05,631,639.799988,625.099976,637.450012,637.450012,1726346
2014-02-06,638.75,649.599976,629.5,647,647,3366736
2014-02-07,652.400024,654.5,642.099976,647.75,647.75,1007367
2014-02-10,647.650024,650.150024,636,643.900024,643.900024,1570205
2014-02-11,646,647.150024,639.299988,644.799988,644.799988,1116214
2014-02-12,646.599976,652.799988,643.650024,645.450012,645.450012,1609240
2014-02-13,646,648,631.25,632.5,632.5,788800
2014-02-14,634,643.849976,629.349976,641.799988,641.799988,1062278
2014-02-17,642,652,641.099976,650.400024,650.400024,912530
2014-02-18,648.5,664.400024,647.400024,660.400024,660.400024,1254918
2014-02-19,656.200012,672.25,655,670.049988,670.049988,1015237
2014-02-20,665.799988,667.450012,660.849976,662.75,662.75,862109
2014-02-21,659.849976,669.599976,659.700012,664.400024,664.400024,760968
2014-02-24,662.099976,673,655.75,671,671,1254746
2014-02-25,674,676,666,671.099976,671.099976,1005140
2014-02-26,670,679.200012,668.549988,677.400024,677.400024,1137835
2014-02-28,677.400024,682.900024,665.150024,669.599976,669.599976,1225896
2014-03-03,665.200012,672,663.200012,666.200012,666.200012,919608
2014-03-04,666,673.849976,664.25,671.700012,671.700012,1610967
2014-03-05,673.5,675,662.5,669.75,669.75,1001746
2014-03-06,673,677.700012,668.099976,675.599976,675.599976,1237170
2014-03-07,679.599976,714.900024,676.200012,711.450012,711.450012,5691892
2014-03-10,706.5,736.900024,700,734.450012,734.450012,6530963
2014-03-11,734.5,740,719.549988,725.150024,725.150024,3250118
2014-03-12,721.25,733,716.5,725.549988,725.549988,1777554
2014-03-13,727.5,749.5,727.5,742.349976,742.349976,2862113
2014-03-14,735,739.900024,724,732.150024,732.150024,3052120
2014-03-18,732.150024,744.799988,728.299988,734,734,2025681
2014-03-19,740,743.299988,735.75,738.450012,738.450012,1513784
2014-03-20,738.450012,738.450012,728,730.200012,730.200012,1298771
2014-03-21,735.150024,737.5,731.200012,733.849976,733.849976,1881398
2014-03-22,null,null,null,null,null,null
2014-03-24,734.5,752.900024,734,750.650024,750.650024,2928465
2014-03-25,750,760.549988,747.75,750.150024,750.150024,2007773
2014-03-26,752.799988,756.299988,744.099976,746.049988,746.049988,2352328
2014-03-27,750,760.75,742,746.75,746.75,6138733
2014-03-28,749.950012,754.099976,735.049988,744.950012,744.950012,3040225
2014-03-31,747.950012,753,743.099976,748.799988,748.799988,2065607
2014-04-01,751.5,753.549988,732.549988,738.099976,738.099976,2012958
2014-04-02,744.950012,746,721.900024,731.900024,731.900024,2599688
2014-04-03,736,738,726.25,728.799988,728.799988,1389926
2014-04-04,725.549988,733,720.049988,725.450012,725.450012,1855602
2014-04-07,725,732,723.099976,725.349976,725.349976,2933289
2014-04-09,725.349976,744.900024,721.75,741.849976,741.849976,2630096
2014-04-10,744.650024,748.650024,736,739.400024,739.400024,1873698
2014-04-11,734.049988,744.799988,733.900024,738.150024,738.150024,1301988
2014-04-15,738.150024,738.799988,718.099976,723.950012,723.950012,2092967
2014-04-16,723.200012,731.799988,721.099976,725.950012,725.950012,893098
2014-04-17,716.25,721.299988,707.299988,718.700012,718.700012,3075582
2014-04-21,718.700012,726.5,713,716.450012,716.450012,1746938
2014-04-22,721.900024,729.599976,717.400024,727.549988,727.549988,2848956
2014-04-23,724.900024,739.450012,722.599976,733,733,5256336
2014-04-24,733,733,733,733,733,0
2014-04-25,733.150024,738,725,726.400024,726.400024,1553111
2014-04-28,722.25,729.25,720.549988,725.200012,725.200012,1220715
2014-04-29,726.400024,727.5,712.5,715.799988,715.799988,1660309
2014-04-30,716,729.900024,711.650024,721.299988,721.299988,2196730
2014-05-02,721.299988,727.549988,715.549988,717.099976,717.099976,1478823
2014-05-05,719.849976,723.099976,714,716.700012,716.700012,1298081
2014-05-06,720.200012,724.599976,714.099976,720.200012,720.200012,1546140
2014-05-07,718.5,727,711.450012,715.599976,715.599976,1649656
2014-05-08,717.150024,723,715.5,718.299988,718.299988,1880107
2014-05-09,720,760,720,756.799988,756.799988,4094111
2014-05-12,755.099976,794.849976,754.5,792.150024,792.150024,4390340
2014-05-13,800,800,782.5,788.150024,788.150024,3166304
2014-05-14,785,794.799988,774.25,775.450012,775.450012,2125375
2014-05-15,769,791.150024,766.049988,788.349976,788.349976,2366547
2014-05-16,800,854,787.650024,804.700012,804.700012,8217092
2014-05-19,815.900024,835,808,811.900024,811.900024,2630701
2014-05-20,816,821.599976,804.349976,816.049988,816.049988,1589258
2014-05-21,812.349976,814.5,805,809.5,809.5,910597
2014-05-22,812,815,798,802.599976,802.599976,1951614
2014-05-23,799,803,782.700012,789.650024,789.650024,2454734
2014-05-26,799,804.049988,790,797.150024,797.150024,4348808
2014-05-27,800,810.650024,788.349976,804.900024,804.900024,1904881
2014-05-28,799.900024,826.75,799.5,823.450012,823.450012,3588891
2014-05-29,822.599976,830.75,807.400024,810.25,810.25,3421002
2014-05-30,815,822.799988,730,792.75,792.75,8201886
2014-06-02,793.5,822.349976,793.5,819.400024,819.400024,2020783
2014-06-03,823,827.849976,814,824.349976,824.349976,906037
2014-06-04,822.400024,829.700012,815.099976,816.700012,816.700012,716085
2014-06-05,811.799988,815.400024,801,805.450012,805.450012,1918618
2014-06-06,813,821,801,815.25,815.25,2641319
2014-06-09,821.900024,830,815,819.450012,819.450012,2334980
2014-06-10,821.150024,823.599976,810,816.650024,816.650024,1249836
2014-06-11,817,829.849976,810,820.5,820.5,1935943
2014-06-12,824.5,844.950012,812.849976,839.849976,839.849976,3183012
2014-06-13,844,856,831.650024,835.400024,835.400024,3053221
2014-06-16,831,842.799988,830.299988,839,839,1327470
2014-06-17,836,848.799988,827.349976,846.549988,846.549988,1747030
2014-06-18,847.099976,851.400024,828.75,834.849976,834.849976,1343657
2014-06-19,837.099976,839.950012,822.200012,825.75,825.75,1180249
2014-06-20,826,831.75,819.349976,821.950012,821.950012,742442
2014-06-23,824,826.549988,815.299988,821.450012,821.450012,1460211
2014-06-24,825.349976,832.75,825,829,829,1266556
2014-06-25,829,833.200012,823,824.099976,824.099976,1582656
2014-06-26,820,826.599976,808.650024,812.400024,812.400024,5452066
2014-06-27,817.849976,822,814,816.200012,816.200012,1285740
2014-06-30,819.900024,832.700012,819.900024,821.549988,821.549988,1544025
2014-07-01,823,827.950012,815,823.299988,823.299988,1910343
2014-07-02,830.799988,842,825.5,839.900024,839.900024,1906681
2014-07-03,841,845.299988,831.349976,836.799988,836.799988,1515685
2014-07-04,836.799988,858.950012,835.099976,856.650024,856.650024,1407997
2014-07-07,859.900024,860.700012,835.849976,840.450012,840.450012,2032992
2014-07-08,844,848.349976,820,829.25,829.25,1683068
2014-07-09,828,834.849976,818,830.299988,830.299988,1448888
2014-07-10,830.299988,848,812.25,823.349976,823.349976,2464386
2014-07-11,821.099976,831.450012,808.799988,811.799988,811.799988,2299695
2014-07-14,815,820,807.150024,817.450012,817.450012,1230402
2014-07-15,820.75,828.799988,816.5,826.799988,826.799988,1523009
2014-07-16,829.5,838.5,817.900024,835.75,835.75,2397325
2014-07-17,838.700012,839,829.5,831.799988,831.799988,1259775
2014-07-18,828.900024,836.799988,822,832.450012,832.450012,1822108
2014-07-21,841.700012,846.950012,825.25,827.450012,827.450012,2453414
2014-07-22,829.900024,842.650024,827,839.849976,839.849976,1742588
2014-07-23,843.099976,845,835,836.299988,836.299988,1962463
2014-07-24,836,844,833,842.25,842.25,1069650
2014-07-25,841,849.799988,834.150024,835.5,835.5,2666488
2014-07-28,838.5,839.799988,828,829.549988,829.549988,971238
2014-07-30,829.549988,841.900024,826.849976,838.799988,838.799988,1171345
2014-07-31,837.900024,839.900024,828.549988,834,834,2975336
2014-08-01,826.049988,827.799988,812,815.450012,815.450012,1707115
2014-08-04,819,822.700012,807.099976,813,813,1840761
2014-08-05,817,823,809.900024,820.200012,820.200012,1519276
2014-08-06,815.049988,819.549988,807.349976,810,810,845350
2014-08-07,812.900024,818.5,810,811.5,811.5,983435
2014-08-08,805,807.799988,795,796.150024,796.150024,1862670
2014-08-11,801,802.849976,791.400024,792.950012,792.950012,1406556
2014-08-12,801,808.5,792,807.200012,807.200012,1650768
2014-08-13,810,815.75,802.650024,812.400024,812.400024,1959955
2014-08-14,814.099976,831.650024,813.299988,826.700012,826.700012,2968306
2014-08-18,826.700012,834.5,823.599976,832.349976,832.349976,1675542
2014-08-19,833,837.5,822.25,823.849976,823.849976,1973214
2014-08-20,829,834.599976,819,820.549988,820.549988,2358713
2014-08-21,822,835.200012,821,832.5,832.5,1597620
2014-08-22,834.349976,848.75,828.049988,846.75,846.75,2503822
2014-08-25,843,852.799988,837.200012,843.450012,843.450012,1664016
2014-08-26,844.5,848.5,838.099976,842.5,842.5,1041314
2014-08-27,846,846,834,836.599976,836.599976,1213242
2014-08-28,837.5,845.5,834,843.549988,843.549988,1997863
2014-09-01,843.549988,849,838.599976,841.200012,841.200012,1038664
2014-09-02,843.099976,861.099976,838.650024,859.200012,859.200012,2860563
2014-09-03,865,865,851.599976,856.650024,856.650024,2308695
2014-09-04,858.049988,859,848.5,851.849976,851.849976,1601742
2014-09-05,852,855.549988,844.099976,848.450012,848.450012,958802
2014-09-08,851,867.799988,849.450012,864.75,864.75,2447086
2014-09-09,860.099976,869.900024,857.799988,865.599976,865.599976,1915261
2014-09-10,865,865,854.099976,857.299988,857.299988,1078563
2014-09-11,857.400024,863.099976,853,854.349976,854.349976,1633216
2014-09-12,850.099976,858,848.950012,855.700012,855.700012,1521639
2014-09-15,850,865,850,860.349976,860.349976,1452272
2014-09-16,861,862.049988,848,851,851,1269067
2014-09-17,855,855.900024,842.099976,846.400024,846.400024,1976474
2014-09-18,844.75,861,842.25,858.150024,858.150024,1663142
2014-09-19,860,865,851.400024,860.25,860.25,1635527
2014-09-22,856.950012,858.5,851,856.849976,856.849976,1633579
2014-09-23,856.049988,857.849976,845.599976,848.849976,848.849976,1179244
2014-09-24,847.099976,857.299988,845.049988,855.450012,855.450012,1666374
2014-09-25,853,865.599976,842.099976,849.950012,849.950012,4148990
2014-09-26,849.950012,879,845,871.650024,871.650024,2470563
2014-09-29,873,877.349976,861.200012,865.099976,865.099976,2170567
2014-09-30,864.200012,879.799988,861.150024,872.650024,872.650024,3008858
2014-10-01,866,871.150024,860.5,868,868,1467547
2014-10-07,868,868,854.099976,862.450012,862.450012,1256572
2014-10-08,860.549988,870,858.299988,867.599976,867.599976,785096
2014-10-09,874,892.950012,868.25,887.599976,887.599976,1912605
2014-10-10,883.049988,885.150024,864.900024,867.299988,867.299988,1066745
2014-10-13,864,878,855.650024,876.799988,876.799988,1344128
2014-10-14,885,885.950012,865.150024,868.349976,868.349976,1816560
2014-10-15,868.349976,868.349976,868.349976,868.349976,868.349976,0
2014-10-16,868.400024,874,855.049988,858.849976,858.849976,1383271
2014-10-17,860.25,888.099976,857.099976,885.25,885.25,2494480
2014-10-20,894,909.599976,890.150024,893.799988,893.799988,2383001
2014-10-21,900,905.75,887.650024,895.549988,895.549988,4009288
2014-10-22,905.049988,906.349976,891.25,893.650024,893.650024,1142886
2014-10-27,893.650024,907.299988,893.650024,897.25,897.25,1681192
2014-10-28,899,900.200012,894,895.299988,895.299988,1450873
2014-10-29,900.200012,902.5,890,891.549988,891.549988,1974047
2014-10-30,889.900024,899.950012,887.099976,896.650024,896.650024,2684545
2014-10-31,900.099976,914.599976,897.349976,911.849976,911.849976,2526497
2014-11-03,915.200012,919.299988,905.400024,910.700012,910.700012,1809912
2014-11-05,910.700012,920.299988,910.25,912.799988,912.799988,1881045
2014-11-07,912.799988,912.799988,893.650024,899.450012,899.450012,2257123
2014-11-10,899.5,908.349976,893,904.650024,904.650024,1597439
2014-11-11,905.900024,917.299988,902.400024,907.900024,907.900024,1478352
2014-11-12,911,919.900024,904.150024,911.75,911.75,2264666
2014-11-13,915.5,920,903.900024,915.950012,915.950012,1847238
2014-11-14,918.200012,933,911.75,930.099976,930.099976,2109514
2014-11-17,930,934,908,918.950012,918.950012,3366021
2014-11-18,921,935,912,932.200012,932.200012,2297278
2014-11-19,935.049988,937.700012,922.150024,926.549988,926.549988,863712
2014-11-20,927.950012,927.950012,912.099976,918.200012,918.200012,1192593
2014-11-21,921.200012,935,914.049988,932.849976,932.849976,2205952
2014-11-24,932.349976,950,928.099976,945.200012,945.200012,1829215
2014-11-25,943,958.799988,939,953.549988,953.549988,3039127
2014-11-26,939.799988,959.900024,933.299988,951.299988,951.299988,2244107
2014-11-27,950.599976,953.799988,943,948.150024,948.150024,3302862
2014-11-28,948,965.900024,947,957.150024,957.150024,2312965
2014-12-01,958.299988,962.450012,948.200012,950,950,1847282
2014-12-02,941.75,949.599976,939.200012,943.299988,943.299988,1129389
2014-12-03,942,944.049988,932,933.099976,933.099976,1665296
2014-12-04,940,944.25,932,941.400024,941.400024,1709776
2014-12-05,941,944.400024,935.700012,942.75,942.75,1018545
2014-12-08,945,945,925,927.150024,927.150024,1014282
2014-12-09,925.049988,935,925.049988,926.75,926.75,1218336
2014-12-10,926.099976,935,925.299988,931.400024,931.400024,1391358
2014-12-11,929.900024,935.75,925,933.599976,933.599976,1204711
2014-12-12,933,936.200012,929,931.5,931.5,1154207
2014-12-15,930,944.299988,928,941.5,941.5,1659657
2014-12-16,937.549988,942,917,925.75,925.75,1247489
2014-12-17,926,932.5,916,921.849976,921.849976,1766004
2014-12-18,932.599976,936.5,922.049988,934.049988,934.049988,1623457
2014-12-19,945.049988,949,932.5,941.450012,941.450012,1528527
2014-12-22,954,966.099976,942.5,963.700012,963.700012,2073903
2014-12-23,959.700012,973.950012,955.349976,959.75,959.75,1886020
2014-12-24,957.900024,964.799988,941.099976,945.25,945.25,4166203
2014-12-26,945.25,952.950012,942.549988,948.650024,948.650024,841620
2014-12-29,950.099976,956,948.299988,951.700012,951.700012,903700
2014-12-30,950,959.599976,942.75,956.450012,956.450012,1420300
2014-12-31,956,957.299988,949.75,951.599976,951.599976,1248132
2015-01-01,951,954.400024,945.049988,952.049988,952.049988,886235
2015-01-02,950.400024,969.299988,950.400024,965.299988,965.299988,1475096
2015-01-05,970,970.549988,955.099976,957.150024,957.150024,1199000
2015-01-06,954,956.549988,937.549988,942.25,942.25,2054920
2015-01-07,939.700012,951.349976,936.25,945,945,1436528
2015-01-08,954.25,968.950012,948.200012,964.849976,964.849976,2381456
2015-01-09,972.900024,980,966.599976,975.650024,975.650024,2246296
2015-01-12,969.400024,974.400024,964.5,967.049988,967.049988,1031603
2015-01-13,968.950012,971.950012,955.700012,963.349976,963.349976,1457087
2015-01-14,960.049988,974.650024,959.700012,963.900024,963.900024,921308
2015-01-15,990,998.200012,970.75,993.150024,993.150024,2849619
2015-01-16,1002.200012,1014.900024,998.549988,1001.349976,1001.349976,1955327
2015-01-19,1013.25,1020,1002.950012,1004.549988,1004.549988,1059873
2015-01-20,1010,1027,1002,1020.950012,1020.950012,2126451
2015-01-21,1027.400024,1032.949951,1018.349976,1019.950012,1019.950012,1685153
2015-01-22,1025,1032.5,1018.549988,1021.25,1021.25,1617670
2015-01-23,1030,1048,1024.400024,1042.800049,1042.800049,2496978
2015-01-27,1042.800049,1077.75,1040.900024,1074.050049,1074.050049,2490600
2015-01-28,1070,1093.199951,1055,1058.349976,1058.349976,2841235
2015-01-29,1075,1100.599976,1061,1095,1095,5141904
2015-01-30,1094.550049,1094.550049,1064.25,1077.349976,1077.349976,2642604
2015-02-02,1068.5,1093,1052.349976,1081.599976,1081.599976,1427588
2015-02-03,1078.5,1082.199951,1055.300049,1064.099976,1064.099976,2550172
2015-02-04,1063,1080.800049,1057.25,1067.699951,1067.699951,1549378
2015-02-05,1075,1092.800049,1070.349976,1076.5,1076.5,2014787
2015-02-06,1077,1078.949951,1050.050049,1053.5,1053.5,1725780
2015-02-09,1047,1051.75,1034.5,1040.099976,1040.099976,1307974
2015-02-10,1030,1062.300049,1030,1054.449951,1054.449951,2318938
2015-02-11,1058,1064.800049,1053,1058.400024,1058.400024,1040397
2015-02-12,1065.099976,1081.900024,1052.699951,1076,1076,1381435
2015-02-13,1081.199951,1082,1063.599976,1065.800049,1065.800049,1928625
2015-02-16,1075.800049,1085,1062.5,1067.550049,1067.550049,1847179
2015-02-18,1067.550049,1082.949951,1057.050049,1074.800049,1074.800049,1345423
2015-02-19,1074,1084.900024,1063.800049,1079.800049,1079.800049,1126751
2015-02-20,1083,1089.900024,1068.5,1073.050049,1073.050049,1551506
2015-02-23,1077.099976,1081.550049,1062,1067.5,1067.5,1395391
2015-02-24,1070.300049,1071,1057.099976,1067.650024,1067.650024,1461572
2015-02-25,1070,1074.800049,1050,1052.449951,1052.449951,1162131
2015-02-26,1053.650024,1056,1035.099976,1038.150024,1038.150024,3106736
2015-02-27,1045.449951,1058.550049,1045.449951,1054,1054,2565446
2015-02-28,null,null,null,null,null,null
2015-03-02,1080.349976,1099,1068,1082.550049,1082.550049,3596308
2015-03-03,1086.449951,1092,1077.050049,1083.349976,1083.349976,1507337
2015-03-04,1105,1109.300049,1060,1065.300049,1065.300049,3069406
2015-03-05,1065,1090,1062.5,1085.099976,1085.099976,2425613
2015-03-09,1085.099976,1085.099976,1056,1059,1059,1438952
2015-03-10,1062,1062.25,1045,1052.550049,1052.550049,1283709
2015-03-11,1050.900024,1061.900024,1050,1056.449951,1056.449951,1366384
2015-03-12,1060.099976,1063.900024,1051.099976,1054.599976,1054.599976,1882709
2015-03-13,1060,1064,1034.599976,1042.650024,1042.650024,1356695
2015-03-16,1045,1057.900024,1042.5,1051.550049,1051.550049,1337193
2015-03-17,1060,1065.900024,1042.849976,1058.050049,1058.050049,1342326
2015-03-18,1060.150024,1071.900024,1053.199951,1063.550049,1063.550049,1287083
2015-03-19,1071,1073.800049,1048.699951,1052.199951,1052.199951,1343393
2015-03-20,1051,1059.5,1045.949951,1055.900024,1055.900024,1620809
2015-03-23,1055.949951,1059.400024,1046,1047.75,1047.75,1361685
2015-03-24,1043.300049,1057,1035.449951,1037.949951,1037.949951,2243391
2015-03-25,1040.050049,1046.699951,1031.099976,1034.25,1034.25,2652225
2015-03-26,1026.900024,1032.199951,1002.099976,1006.950012,1006.950012,8950155
2015-03-27,1014.950012,1023.549988,1008.099976,1014.650024,1014.650024,2710224
2015-03-30,1020,1039,1012.799988,1036.900024,1036.900024,1738786
2015-03-31,1039.900024,1039.900024,1014.849976,1022.700012,1022.700012,1490564
2015-04-01,1026.099976,1036.849976,1013,1033.25,1033.25,961049
2015-04-06,1033.25,1036.849976,1019.799988,1031.949951,1031.949951,1787793
2015-04-07,1033.25,1038.199951,1023.650024,1032.75,1032.75,1549268
2015-04-08,1040.050049,1042.449951,1030.050049,1035.550049,1035.550049,1026536
2015-04-09,1038.25,1059,1030,1056.099976,1056.099976,1750696
2015-04-10,1053,1053,1034.849976,1042.650024,1042.650024,1529831
2015-04-13,1040,1046.300049,1034.800049,1038.800049,1038.800049,1140809
2015-04-15,1038.800049,1048.699951,1025.199951,1031.650024,1031.650024,1223499
2015-04-16,1028,1033.550049,1018,1029.650024,1029.650024,1402530
2015-04-17,1025.099976,1027.849976,1016.049988,1018.25,1018.25,1012253
2015-04-20,1020,1025,1002.599976,1005.099976,1005.099976,1297220
2015-04-21,1005,1014.400024,995.599976,1003,1003,1627686
2015-04-22,1006.5,1021,993.5,1013.099976,1013.099976,1691484
2015-04-23,1020.049988,1024.199951,1006.099976,1013.5,1013.5,2406957
2015-04-24,1018.900024,1019,1000.349976,1006.450012,1006.450012,1801311
2015-04-27,1006.950012,1012.5,996,1005.450012,1005.450012,1842676
2015-04-28,999.549988,1011.450012,990.099976,1004.549988,1004.549988,1985527
2015-04-29,1004,1009.5,988,993.150024,993.150024,1965891
2015-04-30,991,995,979.049988,988.799988,988.799988,3785921
2015-05-04,988.799988,1009.5,988.799988,1000.950012,1000.950012,785362
2015-05-05,999.049988,1003.900024,985.849976,987.650024,987.650024,1284501
2015-05-06,987.5,987.5,965.5,970.599976,970.599976,2751924
2015-05-07,968,970,944.200012,951.299988,951.299988,2934166
2015-05-08,961.5,987.799988,955.400024,982,982,2892983
2015-05-11,986.049988,992.75,974.049988,990.299988,990.299988,1682836
2015-05-12,990,990,967,971.950012,971.950012,2776892
2015-05-13,975.849976,993.400024,971.599976,990.25,990.25,1947962
2015-05-14,989,994.849976,974,991.049988,991.049988,1113797
2015-05-15,994.900024,997.549988,984.200012,990.099976,990.099976,2038406
2015-05-18,996,1012,992,1009.849976,1009.849976,1428326
2015-05-19,1006.349976,1018,998.099976,1007.549988,1007.549988,1196587
2015-05-20,1009.650024,1026.800049,1009.549988,1024.050049,1024.050049,1002210
2015-05-21,1024,1030,1015.099976,1024.699951,1024.699951,983595
2015-05-22,1024.699951,1029,1018.349976,1024.300049,1024.300049,1172384
2015-05-25,1028.400024,1031,1017.599976,1023.549988,1023.549988,1092265
2015-05-26,1024.449951,1030.199951,1018.049988,1027.400024,1027.400024,1226586
2015-05-27,1023.799988,1040,1021.400024,1038.150024,1038.150024,804648
2015-05-28,1039.050049,1043.699951,1022.200012,1029.400024,1029.400024,2390290
2015-05-29,1029.949951,1054,1027.150024,1050.550049,1050.550049,1264670
2015-06-01,1048.949951,1056,1031,1036.199951,1036.199951,960330
2015-06-02,1038.400024,1040.300049,1004.900024,1008.799988,1008.799988,1181502
2015-06-03,1009,1017,998,1005.549988,1005.549988,1456208
2015-06-04,1008.849976,1017.849976,995,1014.950012,1014.950012,1389397
2015-06-05,1010.25,1018.5,1002.5,1011.75,1011.75,1688465
2015-06-08,1004.25,1012.25,995.549988,1003.450012,1003.450012,952999
2015-06-09,1005,1006,997.099976,1001.849976,1001.849976,1510065
2015-06-10,998,1019,997,1015.599976,1015.599976,1996562
2015-06-11,1017.599976,1018.549988,994.700012,1000.200012,1000.200012,2273544
2015-06-12,1001,1010.849976,990.150024,1009.150024,1009.150024,1632086
2015-06-15,1002,1013.75,1000,1005.200012,1005.200012,1499957
2015-06-16,1000,1010.450012,997.049988,1008.400024,1008.400024,1502631
2015-06-17,1009,1013.5,999.5,1004.700012,1004.700012,2421567
2015-06-18,1005.900024,1023.799988,1002.25,1019.599976,1019.599976,2107929
2015-06-19,1024.800049,1034.949951,1013.150024,1030.5,1030.5,935581
2015-06-22,1032.099976,1056.900024,1028.5,1047.150024,1047.150024,1362413
2015-06-23,1052,1061.199951,1042.5,1052.099976,1052.099976,1413795
2015-06-24,1054,1057.800049,1042.699951,1045.800049,1045.800049,1566849
2015-06-25,1048.25,1070.849976,1042.650024,1065,1065,4143392
2015-06-26,1067,1070.949951,1051.5,1062.849976,1062.849976,1411876
2015-06-29,1044.900024,1061.75,1030.5,1056.650024,1056.650024,1621959
2015-06-30,1052.25,1072,1048,1067.150024,1067.150024,1822534
2015-07-01,1061.349976,1077,1060.050049,1072.349976,1072.349976,1242797
2015-07-02,1065,1067.699951,1055.650024,1058.199951,1058.199951,1120861
2015-07-03,1054.050049,1076.150024,1054.050049,1074.25,1074.25,1009822
2015-07-06,1064.050049,1085,1060.25,1083.5,1083.5,816945
2015-07-07,1078.5,1091.5,1078.5,1086.849976,1086.849976,1035368
2015-07-08,1079.099976,1080.599976,1066,1068.849976,1068.849976,1350169
2015-07-09,1062.699951,1076.900024,1060.099976,1074.050049,1074.050049,699491
2015-07-10,1069.800049,1095,1068.5,1090.75,1090.75,1225022
2015-07-13,1085,1105.900024,1085,1096.150024,1096.150024,1769021
2015-07-14,1095.5,1101.900024,1086,1091.849976,1091.849976,1418529
2015-07-15,1093,1101.449951,1090.800049,1096.699951,1096.699951,962351
2015-07-16,1098.800049,1119,1098.099976,1114.699951,1114.699951,1827606
2015-07-17,1119.400024,1121.75,1105.599976,1110.550049,1110.550049,877747
2015-07-20,1115.949951,1119,1107,1115.25,1115.25,1137817
2015-07-21,1116.550049,1128,1093.099976,1098.050049,1098.050049,2757034
2015-07-22,1096.400024,1117.050049,1088.650024,1114.400024,1114.400024,1821600
2015-07-23,1112.900024,1116.699951,1100.099976,1107.900024,1107.900024,1270793
2015-07-24,1103.150024,1115,1100.5,1107.849976,1107.849976,1190252
2015-07-27,1103.900024,1104.5,1070,1095.849976,1095.849976,832143
2015-07-28,1094,1113.900024,1092.449951,1108.5,1108.5,1586418
2015-07-29,1105.099976,1117.900024,1105.050049,1108.349976,1108.349976,985758
2015-07-30,1107,1117,1101.099976,1110.550049,1110.550049,2365547
2015-07-31,1115.599976,1121,1103,1111.650024,1111.650024,1412375
2015-08-03,1112.75,1117.5,1093.449951,1095.400024,1095.400024,1086432
2015-08-04,1098.099976,1102,1081.949951,1086.449951,1086.449951,1347732
2015-08-05,1092.150024,1097.699951,1085.199951,1092.199951,1092.199951,1030695
2015-08-06,1091.900024,1101.349976,1085.449951,1095.949951,1095.949951,935928
2015-08-07,1093.949951,1097.5,1088.599976,1092.650024,1092.650024,806785
2015-08-10,1095,1105.949951,1088,1094.650024,1094.650024,988594
2015-08-11,1095.050049,1098.849976,1084.25,1094.699951,1094.699951,681922
2015-08-12,1088.400024,1094.900024,1067.699951,1070.449951,1070.449951,1501435
2015-08-13,1077,1082.699951,1066.599976,1077.550049,1077.550049,866263
2015-08-14,1083.099976,1103.650024,1079.900024,1101.800049,1101.800049,900415
2015-08-17,1099.050049,1101.800049,1075.800049,1091.5,1091.5,625053
2015-08-18,1091.599976,1096.099976,1078.449951,1086.349976,1086.349976,464329
2015-08-19,1084.849976,1087,1075,1081.849976,1081.849976,751144
2015-08-20,1068,1084.75,1068,1074.699951,1074.699951,761213
2015-08-21,1064,1072.949951,1051,1061.300049,1061.300049,1939743
2015-08-24,1044.699951,1044.699951,1011.25,1019.049988,1019.049988,3671582
2015-08-25,1024.699951,1032.300049,1005.700012,1018.450012,1018.450012,3086980
2015-08-26,1017.400024,1029,1009,1013.5,1013.5,1393250
2015-08-27,1025,1034.449951,1009.099976,1022.099976,1022.099976,3468358
2015-08-28,1031.050049,1042.75,1019.400024,1027.949951,1027.949951,1388284
2015-08-31,1021.099976,1032.900024,1015.549988,1027.449951,1027.449951,860365
2015-09-01,1021.299988,1021.299988,993,1000.099976,1000.099976,2617286
2015-09-02,1005.099976,1013.950012,985,995.150024,995.150024,2170422
2015-09-03,1002.299988,1015,999,1010.299988,1010.299988,1626842
2015-09-04,1002.200012,1006,980,996.049988,996.049988,2851148
2015-09-07,1001,1009.799988,980,984.450012,984.450012,1345435
2015-09-08,986.700012,1010,977,1004.049988,1004.049988,1861122
2015-09-09,1014.5,1025,1005,1016.299988,1016.299988,1638280
2015-09-10,1003,1016.950012,996.299988,1011,1011,1115935
2015-09-11,1014.5,1020,1006.799988,1010.5,1010.5,1075440
2015-09-14,1008.849976,1022.299988,1003.5,1019.700012,1019.700012,1265086
2015-09-15,1017.950012,1019.650024,1008.099976,1013.150024,1013.150024,1083182
2015-09-16,1018.900024,1028.099976,1011.549988,1023.349976,1023.349976,1063513
2015-09-18,1023.349976,1062,1023.349976,1049.75,1049.75,1960292
2015-09-21,1037.949951,1055,1036.349976,1052.949951,1052.949951,1069172
2015-09-22,1050.050049,1060,1025.300049,1030.650024,1030.650024,1506303
2015-09-23,1019.200012,1053.449951,1018.650024,1049.199951,1049.199951,1290288
2015-09-24,1047,1054,1036,1051.400024,1051.400024,2063209
2015-09-28,1051.400024,1060,1043.099976,1046.400024,1046.400024,1444277
2015-09-29,1032,1073.900024,1025.099976,1064.800049,1064.800049,2604710
2015-09-30,1068,1073,1061.349976,1068.800049,1068.800049,2256949
2015-10-01,1075.199951,1076.900024,1059.349976,1067.650024,1067.650024,1258697
2015-10-05,1067.650024,1104.800049,1067.650024,1098.349976,1098.349976,2013343
2015-10-06,1107,1107.900024,1083,1085.949951,1085.949951,1189741
2015-10-07,1088,1098.349976,1083.349976,1087.75,1087.75,1096567
2015-10-08,1088.099976,1090.699951,1075.400024,1083.099976,1083.099976,970477
2015-10-09,1095,1095,1080.199951,1086.150024,1086.150024,860807
2015-10-12,1087.699951,1095.5,1077.800049,1080.550049,1080.550049,554335
2015-10-13,1075.550049,1082.150024,1073.199951,1076.349976,1076.349976,455913
2015-10-14,1068.800049,1086.5,1067.050049,1084.75,1084.75,687287
2015-10-15,1085.699951,1096.5,1081,1084.150024,1084.150024,981488
2015-10-16,1090,1101.5,1085,1100.050049,1100.050049,1210922
2015-10-19,1100,1102.099976,1094.300049,1097.800049,1097.800049,663555
2015-10-20,1098,1102.900024,1091.199951,1094.900024,1094.900024,962839
2015-10-21,1098.900024,1104,1085,1095,1095,1818301
2015-10-23,1095,1113.699951,1095,1108.5,1108.5,1116762
2015-10-26,1113.949951,1114.199951,1097,1101.5,1101.5,1221996
2015-10-27,1095.550049,1114,1095.550049,1110.900024,1110.900024,2246008
2015-10-28,1105.050049,1124,1105.050049,1111.5,1111.5,1923690
2015-10-29,1110,1114.5,1100,1103.550049,1103.550049,1675592
2015-10-30,1102,1112,1090.449951,1099.599976,1099.599976,2024365
2015-11-02,1095.050049,1095.900024,1076.5,1083.099976,1083.099976,789138
2015-11-03,1090.949951,1092,1079.199951,1084.900024,1084.900024,637148
2015-11-04,1090.050049,1098.099976,1078.25,1081.699951,1081.699951,674111
2015-11-05,1078.5,1083,1069.5,1079.849976,1079.849976,899238
2015-11-06,1080.699951,1089,1075.25,1080.900024,1080.900024,1470251
2015-11-09,1058,1069.650024,1051,1064.800049,1064.800049,2857358
2015-11-10,1060.050049,1065,1052.449951,1054.599976,1054.599976,1100645
2015-11-13,1054.599976,1055,1041,1052.050049,1052.050049,985007
2015-11-16,1048.75,1065,1045.25,1060.949951,1060.949951,1183683
2015-11-17,1063.300049,1063.800049,1051.199951,1060.800049,1060.800049,641851
2015-11-18,1061.699951,1065.849976,1046.300049,1048.599976,1048.599976,611680
2015-11-19,1055,1070.949951,1049.599976,1068.900024,1068.900024,819420
2015-11-20,1064.900024,1080.25,1060,1070.849976,1070.849976,1162040
2015-11-23,1074,1075.5,1059.050049,1066.050049,1066.050049,852070
2015-11-24,1065.25,1073.5,1062.099976,1064.349976,1064.349976,1000563
2015-11-26,1064.349976,1067,1051.099976,1063.949951,1063.949951,2197871
2015-11-27,1064.849976,1082.199951,1060.949951,1079.400024,1079.400024,1731268
2015-11-30,1079.199951,1081,1069.699951,1077.75,1077.75,1311944
2015-12-01,1077.050049,1084.900024,1073.5,1083,1083,473833
2015-12-02,1090,1092.699951,1071.849976,1077.800049,1077.800049,640571
2015-12-03,1072.5,1081,1067.300049,1076.75,1076.75,951928
2015-12-04,1073.599976,1073.599976,1056,1058.900024,1058.900024,1464957
2015-12-07,1068.199951,1071.099976,1061.099976,1061.949951,1061.949951,1453702
2015-12-08,1061,1061.900024,1047,1049.25,1049.25,1225665
2015-12-09,1047.099976,1057,1044.849976,1047.449951,1047.449951,972654
2015-12-10,1045,1063.199951,1042.300049,1060.599976,1060.599976,1628585
2015-12-11,1060,1060.599976,1042,1046.349976,1046.349976,758480
2015-12-14,1041,1059.849976,1040.099976,1055.050049,1055.050049,1469504
2015-12-15,1053,1062.449951,1045.300049,1059.449951,1059.449951,1139354
2015-12-16,1063,1073.349976,1059.349976,1067.300049,1067.300049,1710692
2015-12-17,1073.900024,1084,1065,1080.25,1080.25,1219503
2015-12-18,1085,1085,1068.5,1073,1073,793032
2015-12-21,1071.75,1079.900024,1069.050049,1075.400024,1075.400024,774375
2015-12-22,1074.5,1076.5,1064,1066.449951,1066.449951,607384
2015-12-23,1072.599976,1077.949951,1069.150024,1074.099976,1074.099976,753492
2015-12-24,1076.199951,1076.400024,1068.300049,1074,1074,536588
2015-12-28,1074,1079.900024,1067.75,1077.25,1077.25,1938857
2015-12-29,1078.949951,1079.849976,1071.300049,1077.949951,1077.949951,1057903
2015-12-30,1080,1081.949951,1072.550049,1074.300049,1074.300049,528140
2015-12-31,1075,1084.900024,1075,1082.150024,1082.150024,2322502
2016-01-01,1082.400024,1090.25,1076.150024,1088.75,1088.75,798769
2016-01-04,1084,1084,1068.099976,1070.5,1070.5,1296884
2016-01-05,1070.199951,1074.800049,1061.349976,1062.400024,1062.400024,790218
2016-01-06,1056.650024,1076.75,1056.650024,1067.099976,1067.099976,1041384
2016-01-07,1060.099976,1064.900024,1049.699951,1056.199951,1056.199951,1513857
2016-01-08,1061.949951,1064.5,1057.25,1062.349976,1062.349976,872089
2016-01-11,1052.050049,1061,1045.300049,1058.599976,1058.599976,822228
2016-01-12,1063.900024,1063.900024,1043.5,1046.949951,1046.949951,1064684
2016-01-13,1052,1062.75,1037,1060.150024,1060.150024,1128787
2016-01-14,1050.150024,1057.400024,1039.5,1049.75,1049.75,1569796
2016-01-15,1048,1055.449951,1038.099976,1042.150024,1042.150024,1354315
2016-01-18,1035.650024,1041.449951,1021,1025.849976,1025.849976,1623847
2016-01-19,1027.199951,1037.550049,1026.300049,1035.800049,1035.800049,1601303
2016-01-20,1025,1108,1007.900024,1018.299988,1018.299988,2390897
2016-01-21,1021,1033.25,1013.400024,1023,1023,1575201
2016-01-22,1025.699951,1044.25,1022.049988,1030.300049,1030.300049,1059071
2016-01-25,1039.949951,1046.699951,1033.050049,1041.150024,1041.150024,2535971
2016-01-27,1041.150024,1041.150024,1041.150024,1041.150024,1041.150024,0
2016-01-28,1039,1046.900024,1030,1031.699951,1031.699951,2487993
2016-01-29,1035.199951,1054.949951,1035.199951,1049.849976,1049.849976,1340046
2016-02-01,1058,1067,1053.699951,1059.75,1059.75,1152371
2016-02-02,1065,1065.25,1050.199951,1053.800049,1053.800049,1632157
2016-02-03,1044.5,1051.400024,1042,1043.849976,1043.849976,1212561
2016-02-04,1048,1054.900024,1045.550049,1049.199951,1049.199951,1418998
2016-02-05,1052.800049,1063.800049,1045.599976,1055.25,1055.25,1880976
2016-02-08,1055,1058,1030.300049,1035.849976,1035.849976,870481
2016-02-09,1026.699951,1031.550049,1020.650024,1026.050049,1026.050049,1383865
2016-02-10,1023.900024,1030.150024,1010.099976,1012.950012,1012.950012,1920570
2016-02-11,1010,1013,968.200012,975.299988,975.299988,2200900
2016-02-12,979,986.450012,966,971.400024,971.400024,3135536
2016-02-15,980,988.25,971.099976,973.599976,973.599976,2728240
2016-02-16,981.5,982,962,973.450012,973.450012,1784024
2016-02-17,976.900024,979.900024,959,974.900024,974.900024,1875981
2016-02-18,986,991.25,977,989.450012,989.450012,1699964
2016-02-19,988.75,992.599976,973.5,989.299988,989.299988,832165
2016-02-22,983,996,983,988.75,988.75,1000599
2016-02-23,984.900024,985.5,966,970.049988,970.049988,1519580
2016-02-24,960,962.900024,946.400024,949.599976,949.599976,1615867
2016-02-25,954,957.25,938.200012,942.650024,942.650024,2115799
2016-02-26,950,971,945,961,961,1552347
2016-02-29,961.099976,982.599976,928,971.849976,971.849976,2203188
2016-03-01,974.950012,986.75,971.849976,984.150024,984.150024,1080640
2016-03-02,998,1010.900024,995,1007.200012,1007.200012,1589744
2016-03-03,1010.75,1020,1010,1015.849976,1015.849976,1152600
2016-03-04,1015.450012,1024.900024,993.099976,1020.549988,1020.549988,1426156
2016-03-08,1020.549988,1024,1009.5,1014.150024,1014.150024,478422
2016-03-09,1013,1029.900024,1006.75,1024.800049,1024.800049,1632043
2016-03-10,1024.800049,1025.75,1010.099976,1021.25,1021.25,667848
2016-03-11,1019.900024,1030.800049,1013,1028.699951,1028.699951,1182714
2016-03-14,1028,1037.949951,1025.25,1027.550049,1027.550049,752164
2016-03-15,1027.900024,1033.400024,1021.650024,1026.699951,1026.699951,1922509
2016-03-16,1027,1034.25,1018.950012,1030.449951,1030.449951,1200887
2016-03-17,1034.949951,1039,1011.150024,1018.400024,1018.400024,1278371
2016-03-18,1022.950012,1032,1015.349976,1028.400024,1028.400024,1033767
2016-03-21,1033,1047.349976,1032.25,1045.599976,1045.599976,1329699
2016-03-22,1046.5,1056.599976,1040.699951,1053.849976,1053.849976,1030066
2016-03-23,1053.050049,1053.050049,1040.550049,1049.349976,1049.349976,2116075
2016-03-28,1049.349976,1053,1041.650024,1047.5,1047.5,2817717
2016-03-29,1047.5,1059.5,1044.25,1053.800049,1053.800049,1683488
2016-03-30,1058,1069.900024,1053.900024,1064.949951,1064.949951,1953595
2016-03-31,1066.849976,1078.900024,1065.050049,1071.150024,1071.150024,5020098
2016-04-01,1068.800049,1076.400024,1056.800049,1064.449951,1064.449951,1289662
2016-04-04,1065.199951,1072.800049,1064,1069.050049,1069.050049,1544990
2016-04-05,1069,1076.900024,1055.650024,1057.449951,1057.449951,1665757
2016-04-06,1061,1066.949951,1056.75,1061.5,1061.5,1073844
2016-04-07,1064,1064.75,1047.050049,1055.5,1055.5,977923
2016-04-08,1055,1063.349976,1054.25,1059.349976,1059.349976,740699
2016-04-11,1060.300049,1074.099976,1042.849976,1070.949951,1070.949951,1012405
2016-04-12,1069.599976,1071,1059.25,1063,1063,1235370
2016-04-13,1072,1084.949951,1069.5,1081.75,1081.75,1243651
2016-04-18,1081.75,1092,1071.599976,1087.800049,1087.800049,1029267
2016-04-20,1087.800049,1100,1083.550049,1097.849976,1097.849976,955338
2016-04-21,1095,1105.150024,1089,1091.150024,1091.150024,2047932
2016-04-22,1089.5,1100.849976,1085.199951,1092.150024,1092.150024,1952330
2016-04-25,1100,1100,1084.5,1093.25,1093.25,1390490
2016-04-26,1095,1115,1092.5,1113.849976,1113.849976,1763449
2016-04-27,1109.849976,1125,1109,1124.199951,1124.199951,1440909
2016-04-28,1124.199951,1136.699951,1110.349976,1113.949951,1113.949951,2022396
2016-04-29,1113.800049,1136,1106.199951,1132.349976,1132.349976,1402985
2016-05-02,1127.75,1130,1116,1117.650024,1117.650024,965679
2016-05-03,1121.900024,1135,1113.150024,1118,1118,1173824
2016-05-04,1117.5,1134.5,1114.25,1127.349976,1127.349976,1323082
2016-05-05,1128,1134.75,1122.699951,1132.300049,1132.300049,1303562
2016-05-06,1132,1132.25,1117.25,1119.650024,1119.650024,683288
2016-05-09,1120,1144.949951,1119,1141.400024,1141.400024,1738295
2016-05-10,1143.5,1147.5,1136.099976,1144.900024,1144.900024,1363250
2016-05-11,1134.699951,1145,1129.699951,1138.800049,1138.800049,1536843
2016-05-12,1144,1152,1132.5,1149.099976,1149.099976,1055422
2016-05-13,1148,1148,1130,1140.900024,1140.900024,1261329
2016-05-16,1145,1165.900024,1132.550049,1162.800049,1162.800049,1129692
2016-05-17,1165.050049,1169.25,1151.300049,1153.449951,1153.449951,1073856
2016-05-18,1151,1151,1131.5,1140.650024,1140.650024,1040661
2016-05-19,1140.099976,1142.699951,1132,1139.300049,1139.300049,963949
2016-05-20,1139.949951,1148.5,1133.599976,1140.900024,1140.900024,504158
2016-05-23,1141.949951,1149.949951,1133.199951,1136.75,1136.75,865883
2016-05-24,1138.400024,1143.650024,1135.550049,1139.949951,1139.949951,814867
2016-05-25,1146.300049,1175.949951,1146.300049,1173.300049,1173.300049,1441837
2016-05-26,1176.099976,1188.900024,1166.25,1183.25,1183.25,3426390
2016-05-27,1183.25,1190,1176.699951,1186.800049,1186.800049,1443796
2016-05-30,1187,1195,1178.099976,1179.75,1179.75,953633
2016-05-31,1185.900024,1185.900024,1177.400024,1181.900024,1181.900024,1378910
2016-06-01,1182.949951,1182.949951,1171,1175.150024,1175.150024,1418908
2016-06-02,1174.699951,1180.599976,1171,1174.949951,1174.949951,1977654
2016-06-03,1180.099976,1185,1169.050049,1171.75,1171.75,1131105
2016-06-06,1176,1182.400024,1170.050049,1171.099976,1171.099976,1386827
2016-06-07,1176.949951,1180,1167.650024,1173.699951,1173.699951,1407126
2016-06-08,1175.800049,1178,1161,1162.599976,1162.599976,1185703
2016-06-09,1162.5,1164.199951,1152.5,1159.400024,1159.400024,1162046
2016-06-10,1158.400024,1172.699951,1156.199951,1161.349976,1161.349976,1580578
2016-06-13,1154.75,1164.949951,1151.050049,1152.900024,1152.900024,830809
2016-06-14,1155,1157,1144.25,1151.849976,1151.849976,957192
2016-06-15,1155,1170.900024,1153.199951,1169.550049,1169.550049,761456
2016-06-16,1166.550049,1168.849976,1155.349976,1162.150024,1162.150024,1181942
2016-06-17,1167,1178,1165.550049,1170,1170,940413
2016-06-20,1159,1179.25,1158.800049,1172.050049,1172.050049,685691
2016-06-21,1175,1175.449951,1161.199951,1166.650024,1166.650024,667742
2016-06-22,1166,1175,1166,1171.5,1171.5,950960
2016-06-23,1169.800049,1191.849976,1167.5,1190.099976,1190.099976,981683
2016-06-24,1159.849976,1171.900024,1147,1161.900024,1161.900024,2793491
2016-06-27,1162,1169,1153.050049,1159.949951,1159.949951,1040947
2016-06-28,1161.25,1173.099976,1150,1166.949951,1166.949951,1008745
2016-06-29,1165,1169.5,1159.699951,1168.300049,1168.300049,1355167
2016-06-30,1171,1180,1162.150024,1176.449951,1176.449951,4069723
2016-07-01,1180,1185,1171.800049,1174.5,1174.5,1076219
2016-07-04,1178.199951,1179.5,1171.400024,1172.800049,1172.800049,1812463
2016-07-05,1172.800049,1174.300049,1162,1165.599976,1165.599976,534082
2016-07-07,1165.599976,1188.75,1160.900024,1185.650024,1185.650024,1208154
2016-07-08,1185.099976,1185.599976,1171.25,1174.849976,1174.849976,779717
2016-07-11,1186,1201.900024,1181.050049,1199.75,1199.75,1275633
2016-07-12,1209.900024,1209.900024,1195.550049,1202.150024,1202.150024,1761508
2016-07-13,1199.800049,1201.949951,1193.300049,1197.75,1197.75,1671768
2016-07-14,1201,1202.150024,1192.199951,1200.349976,1200.349976,864917
2016-07-15,1203.800049,1226,1195.099976,1223.699951,1223.699951,1443554
2016-07-18,1225,1238.5,1222.650024,1227.449951,1227.449951,1109621
2016-07-19,1229,1230.75,1213.849976,1218.349976,1218.349976,646501
2016-07-20,1223,1238.5,1221.75,1232.199951,1232.199951,1172583
2016-07-21,1230.699951,1239.900024,1222.5,1228.599976,1228.599976,2278226
2016-07-22,1233.349976,1234.650024,1221.5,1230.800049,1230.800049,1405068
2016-07-25,1233,1249.449951,1227,1246.949951,1246.949951,2468221
2016-07-26,1242.400024,1245.650024,1235.150024,1238.800049,1238.800049,1416498
2016-07-27,1241,1247.550049,1230,1236.949951,1236.949951,2683684
2016-07-28,1238,1251.25,1235.550049,1248.449951,1248.449951,2661632
2016-07-29,1248,1250,1235,1246.199951,1246.199951,848919
2016-08-01,1249,1258.949951,1227.650024,1242.300049,1242.300049,1390216
2016-08-02,1247,1256.449951,1240.400024,1243.300049,1243.300049,1332349
2016-08-03,1241.099976,1249.949951,1231,1240.449951,1240.449951,1183469
2016-08-04,1246.599976,1246.699951,1233.599976,1241,1241,1165720
2016-08-05,1247.400024,1255.650024,1241.75,1249.25,1249.25,1446228
2016-08-08,1252.900024,1255,1244.550049,1249.599976,1249.599976,1182194
2016-08-09,1252.900024,1252.900024,1237.699951,1247.199951,1247.199951,1052714
2016-08-10,1245,1250.949951,1219.75,1226.900024,1226.900024,904930
2016-08-11,1226.800049,1235,1222,1228.25,1228.25,714018
2016-08-12,1231.050049,1235,1219.400024,1228.699951,1228.699951,1160374
2016-08-16,1228.699951,1238.449951,1213.800049,1227.300049,1227.300049,867142
2016-08-17,1233.400024,1237.5,1226,1234.900024,1234.900024,1377759
2016-08-18,1238,1254.900024,1234.550049,1252.5,1252.5,1527914
2016-08-19,1250,1250,1241.449951,1247.099976,1247.099976,1027659
2016-08-22,1245.050049,1254.449951,1241,1250.300049,1250.300049,1375323
2016-08-23,1251,1254,1246.050049,1251.449951,1251.449951,1328631
2016-08-24,1252.050049,1264.199951,1247.050049,1261.800049,1261.800049,1392734
2016-08-25,1264,1266.800049,1254.300049,1258.550049,1258.550049,2182472
2016-08-26,1260,1261.900024,1253.900024,1257.099976,1257.099976,630284
2016-08-29,1255.5,1255.5,1236.199951,1238.099976,1238.099976,736046
2016-08-30,1245.099976,1270.5,1243.949951,1268.650024,1268.650024,2466902
2016-08-31,1269,1295,1265.5,1291.199951,1291.199951,2790341
2016-09-01,1288,1290,1275.400024,1283.699951,1283.699951,1306169
2016-09-02,1285.5,1289,1281.150024,1285.099976,1285.099976,988797
2016-09-06,1285.099976,1303.900024,1285.099976,1300.400024,1300.400024,1377221
2016-09-07,1301,1305,1283.099976,1286.75,1286.75,1004111
2016-09-08,1290,1295.25,1283.599976,1289.400024,1289.400024,726345
2016-09-09,1290,1294.5,1278.300049,1290.400024,1290.400024,1003442
2016-09-12,1274.699951,1284.400024,1271.5,1279.900024,1279.900024,996432
2016-09-14,1279.900024,1279.900024,1265.400024,1269.449951,1269.449951,962377
2016-09-15,1272,1283.900024,1269.849976,1279.599976,1279.599976,875453
2016-09-16,1283.800049,1304.5,1283.800049,1297.849976,1297.849976,1631454
2016-09-19,1297,1302.5,1288,1290.150024,1290.150024,1473708
2016-09-20,1292.650024,1295,1284.050049,1288.449951,1288.449951,944562
2016-09-21,1292,1298,1287.900024,1293,1293,1064100
2016-09-22,1305,1316.949951,1300.550049,1306.900024,1306.900024,1638950
2016-09-23,1306.050049,1318.449951,1301.5,1312.699951,1312.699951,1219202
2016-09-26,1306.099976,1308.900024,1293.699951,1296.150024,1296.150024,1394193
2016-09-27,1299,1306.150024,1294.849976,1298.050049,1298.050049,1014203
2016-09-28,1299.900024,1300,1289,1295.25,1295.25,1247413
2016-09-29,1297.949951,1306,1267.949951,1277.5,1277.5,4112503
2016-09-30,1277.099976,1281,1267.400024,1272.849976,1272.849976,1034607
2016-10-03,1281,1289.900024,1276.400024,1287.199951,1287.199951,975137
2016-10-04,1288.599976,1295,1282.300049,1289.550049,1289.550049,693878
2016-10-05,1298,1300.050049,1276.400024,1286.099976,1286.099976,911755
2016-10-06,1287.099976,1295.599976,1279.050049,1281.949951,1281.949951,723928
2016-10-07,1284,1287.75,1276.25,1280.599976,1280.599976,834366
2016-10-10,1285,1287.900024,1278.75,1284.349976,1284.349976,1179828
2016-10-13,1284.349976,1284.349976,1256.449951,1262.75,1262.75,1129839
2016-10-14,1265.75,1268,1254,1261.800049,1261.800049,1016779
2016-10-17,1265.5,1266.400024,1232.75,1237.699951,1237.699951,1283840
2016-10-18,1243.199951,1260,1239,1257.849976,1257.849976,652742
2016-10-19,1261.099976,1263,1248,1258.349976,1258.349976,761226
2016-10-20,1260.25,1267.449951,1251,1255.5,1255.5,800089
2016-10-21,1256,1272.949951,1250,1270.699951,1270.699951,989102
2016-10-24,1271.75,1276.849976,1261.050049,1263.550049,1263.550049,813916
2016-10-25,1268,1268,1244.050049,1250.300049,1250.300049,1375449
2016-10-26,1243.349976,1265,1235.050049,1239.300049,1239.300049,1341635
2016-10-27,1239,1257,1224.150024,1252.099976,1252.099976,2905965
2016-10-28,1254.5,1261.900024,1240.099976,1259.050049,1259.050049,1330134
2016-11-01,1259.050049,1263.849976,1247.050049,1259.800049,1259.800049,850604
2016-11-02,1251.099976,1255.699951,1241.5,1246.150024,1246.150024,1618608
2016-11-03,1245,1260,1231.75,1254.949951,1254.949951,1578953
2016-11-04,1252.800049,1252.800049,1241.75,1243.699951,1243.699951,1433730
2016-11-07,1252,1254.849976,1240,1249.449951,1249.449951,1417848
2016-11-08,1251.099976,1258,1240.099976,1254.300049,1254.300049,1337041
2016-11-09,1200,1257.400024,1195.349976,1251.25,1251.25,3411367
2016-11-10,1263.75,1283,1254.099976,1278.550049,1278.550049,2675184
2016-11-11,1274,1282,1265.599976,1275.800049,1275.800049,1784830
2016-11-15,1275.800049,1289,1250.650024,1254.75,1254.75,3128131
2016-11-16,1268,1268,1240.050049,1244.349976,1244.349976,2161936
2016-11-17,1238.300049,1248.900024,1225.150024,1230.199951,1230.199951,1203906
2016-11-18,1236,1236,1209.199951,1211.400024,1211.400024,1719975
2016-11-21,1219.5,1219.5,1188.349976,1198.699951,1198.699951,1388130
2016-11-22,1206.800049,1206.800049,1189.349976,1198.050049,1198.050049,2504446
2016-11-23,1203,1203,1181.099976,1184.75,1184.75,883173
2016-11-24,1184,1186.300049,1160.900024,1165.5,1165.5,3821499
2016-11-25,1169,1193.199951,1158,1189.300049,1189.300049,1492490
2016-11-28,1180.25,1198.900024,1178.099976,1184.449951,1184.449951,1032545
2016-11-29,1184.699951,1192.949951,1176.5,1178.75,1178.75,983161
2016-11-30,1185,1202,1181.099976,1199.599976,1199.599976,1610710
2016-12-01,1202.300049,1207.900024,1193,1197.25,1197.25,1119246
2016-12-02,1189,1201.949951,1176.699951,1189.099976,1189.099976,1015668
2016-12-05,1187.599976,1198.949951,1176.5,1196.349976,1196.349976,1137984
2016-12-06,1195,1202.849976,1190.199951,1194.449951,1194.449951,675741
2016-12-07,1201.849976,1205.900024,1167,1181.599976,1181.599976,1407048
2016-12-08,1187,1205.550049,1187,1199.5,1199.5,1077424
2016-12-09,1199.099976,1202.300049,1188,1198.300049,1198.300049,1096988
2016-12-12,1192,1192.150024,1181.099976,1184.449951,1184.449951,856318
2016-12-13,1180.25,1190.349976,1178.550049,1186.25,1186.25,631717
2016-12-14,1187,1188,1173.400024,1175.699951,1175.699951,1078536
2016-12-15,1164.199951,1194.5,1163.599976,1176.599976,1176.599976,1235372
2016-12-16,1176.599976,1185,1171.550049,1182.300049,1182.300049,813957
2016-12-19,1176.800049,1179.5,1170.5,1176.75,1176.75,790109
2016-12-20,1176,1185,1171.699951,1181.900024,1181.900024,1047498
2016-12-21,1184,1185,1175,1180,1180,664719
2016-12-22,1176.400024,1179.5,1168.400024,1173.099976,1173.099976,701429
2016-12-23,1171,1189.25,1169.300049,1186.25,1186.25,1188129
2016-12-26,1178.550049,1186.099976,1170.099976,1175,1175,1045966
2016-12-27,1179.300049,1186.900024,1173.900024,1185.199951,1185.199951,1224824
2016-12-28,1189.900024,1194.949951,1181,1186.75,1186.75,1626960
2016-12-29,1185,1207.949951,1181.449951,1205.199951,1205.199951,2025204
2016-12-30,1200,1212,1199.949951,1206.199951,1206.199951,1016635
2017-01-02,1209.449951,1210.099976,1192.050049,1197.099976,1197.099976,927164
2017-01-03,1200.800049,1201.949951,1185.75,1189.900024,1189.900024,961875
2017-01-04,1189.849976,1192,1183.800049,1185.5,1185.5,1741780
2017-01-05,1189,1194.5,1183.099976,1186.199951,1186.199951,1694096
2017-01-06,1190.099976,1198.400024,1188.199951,1193.650024,1193.650024,1381315
2017-01-09,1198.849976,1204.150024,1192.150024,1195.199951,1195.199951,1143449
2017-01-10,1196.199951,1216.800049,1195.300049,1214.349976,1214.349976,1386529
2017-01-11,1217.5,1238.099976,1215.5,1234,1234,2335851
2017-01-12,1235,1243.699951,1225.5,1235,1235,729079
2017-01-13,1239,1239.699951,1228.599976,1232.5,1232.5,962603
2017-01-16,1233.5,1249.449951,1232.800049,1247.650024,1247.650024,941466
2017-01-17,1247,1252.400024,1236.25,1238.5,1238.5,889903
2017-01-18,1240.900024,1256,1240.849976,1242.599976,1242.599976,1153222
2017-01-19,1244.900024,1244.900024,1235,1236.300049,1236.300049,878103
2017-01-20,1236,1245,1230,1236.349976,1236.349976,3485517
2017-01-23,1236,1250,1235.800049,1244.650024,1244.650024,1198462
2017-01-24,1250,1271.5,1249.25,1267.550049,1267.550049,2565466
2017-01-25,1272.599976,1295.599976,1270.099976,1290.599976,1290.599976,3909246
2017-01-27,1290.599976,1300,1288,1291.900024,1291.900024,1713059
2017-01-30,1292.949951,1292.949951,1280.550049,1284.949951,1284.949951,1329907
2017-01-31,1282.400024,1292.699951,1277,1286.650024,1286.650024,1525260
2017-02-01,1286.199951,1310,1280.5,1305.699951,1305.699951,2727666
2017-02-02,1305.699951,1305.699951,1292.599976,1298.699951,1298.699951,1492909
2017-02-03,1299,1316,1296.5,1311.050049,1311.050049,2001276
2017-02-06,1312.300049,1320,1311.449951,1314.099976,1314.099976,1077555
2017-02-07,1316,1318,1302.949951,1307.150024,1307.150024,852980
2017-02-08,1307.550049,1318.699951,1298.150024,1305.650024,1305.650024,1235240
2017-02-09,1309.400024,1319.900024,1292.550049,1297.650024,1297.650024,1116344
2017-02-10,1298.349976,1308.75,1298,1303.599976,1303.599976,824184
2017-02-13,1307.550049,1315,1299.199951,1310.199951,1310.199951,698948
2017-02-14,1314,1314,1304,1311.099976,1311.099976,611515
2017-02-15,1312,1324,1307.449951,1322.199951,1322.199951,1531735
2017-02-16,1323,1333,1320.25,1327.900024,1327.900024,1260925
2017-02-17,1445,1454,1360.449951,1377.050049,1377.050049,100564990
2017-02-20,1361.199951,1415.449951,1359.150024,1409.099976,1409.099976,2641679
2017-02-21,1406.050049,1421.800049,1397.400024,1415.550049,1415.550049,1565007
2017-02-22,1415,1418.800049,1394.849976,1399.150024,1399.150024,1324194
2017-02-23,1403.800049,1421.349976,1387.050049,1394.300049,1394.300049,8623745
2017-02-27,1394.300049,1398.349976,1378.599976,1393.599976,1393.599976,1170344
2017-02-28,1392.900024,1396.25,1384.5,1390.099976,1390.099976,732002
2017-03-01,1396.449951,1396.5,1386.400024,1391.650024,1391.650024,870434
2017-03-02,1394.550049,1396,1376.25,1380.099976,1380.099976,1150497
2017-03-03,1384.5,1384.5,1369,1377,1377,623206
2017-03-06,1376.800049,1389.900024,1373.099976,1380.75,1380.75,919781
2017-03-07,1382.25,1387.5,1376.199951,1386.199951,1386.199951,778219
2017-03-08,1387.900024,1399.199951,1381.050049,1392.199951,1392.199951,945536
2017-03-09,1381.650024,1398.699951,1381.650024,1394.199951,1394.199951,877329
2017-03-10,1395,1408,1393.150024,1400.099976,1400.099976,1465176
2017-03-14,1400.099976,1424.150024,1400.099976,1410.699951,1410.699951,1788755
2017-03-15,1410.949951,1420,1410.550049,1416.599976,1416.599976,1067965
2017-03-16,1418.099976,1422.849976,1413.650024,1417.349976,1417.349976,1245027
2017-03-17,1418.550049,1427.5,1412.849976,1425.849976,1425.849976,847616
2017-03-20,1426.650024,1439.849976,1425.949951,1436.099976,1436.099976,2035586
2017-03-21,1434,1445,1434,1440.949951,1440.949951,1389320
2017-03-22,1427.699951,1437,1425.800049,1430.900024,1430.900024,1409136
2017-03-23,1434.400024,1435,1422.900024,1430.900024,1430.900024,1230618
2017-03-24,1433,1434.449951,1422,1424.349976,1424.349976,952591
2017-03-27,1424,1424,1404.050049,1409.849976,1409.849976,1466021
2017-03-28,1418.300049,1424.699951,1413.099976,1420.199951,1420.199951,2015350
2017-03-29,1420.800049,1434.800049,1420,1428.599976,1428.599976,2143943
2017-03-30,1428,1479.949951,1425.050049,1466.199951,1466.199951,8580273
2017-03-31,1453.800049,1454,1436.550049,1442.550049,1442.550049,2412848
2017-04-03,1446,1450.099976,1426,1433.199951,1433.199951,1037263
2017-04-05,1433.199951,1446.5,1427.550049,1432.349976,1432.349976,1436020
2017-04-06,1431.5,1443,1425.050049,1438.5,1438.5,1531104
2017-04-07,1431.050049,1445,1428.599976,1438.849976,1438.849976,1162090
2017-04-10,1443,1443,1432.650024,1434.150024,1434.150024,848469
2017-04-11,1434,1441.199951,1431.5,1439.5,1439.5,1089065
2017-04-12,1439,1449.949951,1435.5,1443.699951,1443.699951,891273
2017-04-13,1443,1448.900024,1437.050049,1440.300049,1440.300049,1201059
2017-04-17,1440.300049,1443.800049,1428.25,1436.800049,1436.800049,1784264
2017-04-18,1440,1455,1438,1447.300049,1447.300049,909715
2017-04-19,1447,1456.75,1438,1449,1449,1084536
2017-04-20,1453,1466.050049,1452.949951,1462.150024,1462.150024,1445343
2017-04-21,1466,1499,1453.300049,1496.599976,1496.599976,4314508
